LANE_OID,POINT_NR,LATITUDE_L,LONGITUDE_L,X,Y,SIDE
238266436,1,-17.093718,-70.638915,325615.68,8109344.15,L
238266436,0,-17.09358,-70.638513,325658.37,8109359.79,L
238266436,0,-17.093407,-70.638577,325651.43,8109378.86,R
238266436,-1,-17.093545,-70.638979,325608.74,8109363.2,R
238266438,1,-17.094131,-70.640196,325479.75,8109297.27,L
238266438,0,-17.093841,-70.639322,325572.47,8109330.19,L
238266438,0,-17.093668,-70.639386,325565.53,8109349.26,R
238266438,-1,-17.093958,-70.640258,325473.04,8109316.41,R
238266757,4,-17.093841,-70.639322,325572.47,8109330.19,L
238266757,3,-17.093798,-70.639183,325587.27,8109334.99,L
238266757,2,-17.093767,-70.639081,325598.06,8109338.58,L
238266757,1,-17.093748,-70.639016,325605.03,8109340.69,L
238266757,0,-17.093718,-70.638915,325615.68,8109344.15,L
238266757,0,-17.093545,-70.638979,325608.74,8109363.2,R
238266757,-1,-17.09357,-70.639057,325600.47,8109360.32,R
238266757,-2,-17.093593,-70.639131,325592.63,8109357.75,R
238266757,-3,-17.093613,-70.639212,325583.96,8109355.43,R
238266757,-4,-17.093643,-70.639311,325573.53,8109352.11,R
238266757,-5,-17.093668,-70.639386,325565.53,8109349.26,R
238269013,5,-17.094947,-70.64269,325215.1,8109204.72,L
238269013,4,-17.094869,-70.642446,325240.99,8109213.6,L
238269013,3,-17.094899,-70.642395,325246.47,8109210.34,L
238269013,2,-17.094871,-70.642326,325253.75,8109213.42,L
238269013,1,-17.094822,-70.642313,325255.07,8109218.91,L
238269013,0,-17.094741,-70.642059,325282.05,8109228.1,L
238269013,0,-17.094567,-70.64212,325275.41,8109247.28,R
238269013,-1,-17.094774,-70.642751,325208.4,8109223.86,R
238269014,1,-17.095168,-70.643371,325142.81,8109179.71,L
238269014,0,-17.094947,-70.64269,325215.1,8109204.72,L
238269014,0,-17.094774,-70.642751,325208.4,8109223.86,R
238269014,-1,-17.095003,-70.643429,325136.51,8109197.87,R
238271487,1,-17.094418,-70.64106,325388.03,8109264.68,L
238271487,0,-17.094131,-70.640196,325479.75,8109297.27,L
238271487,0,-17.093958,-70.640258,325473.04,8109316.41,R
238271487,-1,-17.094245,-70.641122,325381.32,8109283.82,R
238271488,1,-17.094741,-70.642059,325282.05,8109228.1,L
238271488,0,-17.094418,-70.64106,325388.03,8109264.68,L
238271488,0,-17.094245,-70.641122,325381.32,8109283.82,R
238271488,-1,-17.094567,-70.64212,325275.41,8109247.28,R
238303228,1,-17.094566,-70.642125,325274.92,8109247.39,L
238303228,0,-17.095123,-70.643796,325097.6,8109184.3,L
238303228,0,-17.095296,-70.643734,325104.3,8109165.16,R
238303228,-1,-17.09474,-70.642064,325281.56,8109228.21,R
238303776,1,-17.09341,-70.638586,325650.41,8109378.48,L
238303776,0,-17.093568,-70.639069,325599.14,8109360.63,L
238303776,0,-17.093741,-70.639008,325605.83,8109341.47,R
238303776,-1,-17.093584,-70.638525,325657.05,8109359.3,R
238304189,1,-17.093906,-70.640104,325489.38,8109322.3,L
238304189,0,-17.094055,-70.640561,325440.9,8109305.36,L
238304189,0,-17.094229,-70.640499,325447.59,8109286.2,R
238304189,-1,-17.094082,-70.640041,325496.19,8109302.8,R
238304346,1,-17.094319,-70.641368,325355.23,8109275.44,L
238304346,0,-17.094566,-70.642125,325274.92,8109247.39,L
238304346,0,-17.09474,-70.642064,325281.56,8109228.21,R
238304346,-1,-17.094492,-70.641306,325361.92,8109256.28,R
238304347,1,-17.094055,-70.640561,325440.9,8109305.36,L
238304347,0,-17.094319,-70.641368,325355.23,8109275.44,L
238304347,0,-17.094492,-70.641306,325361.92,8109256.28,R
238304347,-1,-17.094229,-70.640499,325447.59,8109286.2,R
238509506,5,-17.093768,-70.638564,325653.09,8109338.87,L
238509506,4,-17.093695,-70.638663,325642.52,8109346.84,L
238509506,3,-17.093665,-70.638699,325638.62,8109350.16,L
238509506,2,-17.093642,-70.638689,325639.65,8109352.7,L
238509506,1,-17.093637,-70.638677,325640.94,8109353.33,L
238509506,0,-17.093584,-70.638525,325657.05,8109359.3,L
238509506,0,-17.09341,-70.638586,325650.41,8109378.48,R
238509506,-1,-17.093463,-70.638739,325634.25,8109372.49,R
238509506,-2,-17.093487,-70.638826,325625.02,8109369.79,R
238509506,-3,-17.093519,-70.638856,325621.86,8109366.16,R
238509506,-4,-17.093553,-70.638876,325619.69,8109362.47,R
238509506,-5,-17.093589,-70.638891,325618.19,8109358.47,R
238509506,-6,-17.093627,-70.638898,325617.42,8109354.26,R
238509506,-7,-17.093665,-70.638899,325617.4,8109349.98,R
238509506,-8,-17.093703,-70.638892,325618.13,8109345.76,R
238509506,-9,-17.09374,-70.638879,325619.58,8109341.73,R
238509506,-10,-17.093774,-70.638859,325621.71,8109338.02,R
238509506,-11,-17.093803,-70.638833,325624.47,8109334.75,R
238509506,-12,-17.093828,-70.638804,325627.67,8109332.07,R
238509506,-13,-17.093849,-70.638766,325631.71,8109329.77,R
238509506,-14,-17.093862,-70.638728,325635.75,8109328.38,R
238509506,-15,-17.093868,-70.6387,325638.74,8109327.76,R
238509506,-16,-17.093888,-70.638663,325642.7,8109325.49,R
238509506,-17,-17.093891,-70.638659,325643.13,8109325.24,R
238509506,-18,-17.093897,-70.638649,325644.19,8109324.55,R
238509511,9,-17.093793,-70.639212,325584.17,8109335.55,L
238509511,8,-17.093735,-70.63901,325605.64,8109342.19,L
238509511,7,-17.093734,-70.639005,325606.18,8109342.29,L
238509511,6,-17.093726,-70.638955,325611.48,8109343.22,L
238509511,5,-17.09373,-70.638903,325617,8109342.84,L
238509511,4,-17.093745,-70.638853,325622.3,8109341.18,L
238509511,3,-17.093771,-70.638809,325627.05,8109338.37,L
238509511,2,-17.093818,-70.63877,325631.24,8109333.18,L
238509511,1,-17.093891,-70.638659,325643.13,8109325.24,L
238509511,0,-17.093897,-70.638649,325644.19,8109324.55,L
238509511,0,-17.093768,-70.638564,325653.09,8109338.87,R
238509511,-1,-17.093762,-70.638574,325652.03,8109339.56,R
238509511,-2,-17.093741,-70.638601,325649.18,8109341.83,R
238509511,-3,-17.093679,-70.638651,325643.78,8109348.7,R
238509511,-4,-17.09363,-70.638707,325637.75,8109354.05,R
238509511,-5,-17.093596,-70.638764,325631.64,8109357.73,R
238509511,-6,-17.093573,-70.638822,325625.5,8109360.22,R
238509511,-7,-17.093544,-70.63889,325618.19,8109363.38,R
238509511,-8,-17.093554,-70.638944,325612.43,8109362.2,R
238509511,-9,-17.093559,-70.639013,325605.14,8109361.6,R
238509511,-10,-17.093564,-70.639027,325603.67,8109361.08,R
238509511,-11,-17.093586,-70.639052,325601.04,8109358.65,R
238509511,-12,-17.093588,-70.639056,325600.64,8109358.33,R
238509511,-13,-17.093647,-70.639258,325579.17,8109351.69,R
238509513,4,-17.093407,-70.638577,325651.43,8109378.86,L
238509513,3,-17.093415,-70.6386,325649,8109377.92,L
238509513,2,-17.093421,-70.638613,325647.57,8109377.24,L
238509513,1,-17.093588,-70.639056,325600.64,8109358.33,L
238509513,0,-17.093647,-70.639258,325579.17,8109351.69,L
238509513,0,-17.093793,-70.639212,325584.17,8109335.55,R
238509513,-1,-17.093735,-70.63901,325605.64,8109342.19,R
238509513,-2,-17.093699,-70.63889,325618.38,8109346.26,R
238509513,-3,-17.093689,-70.638874,325620.08,8109347.34,R
238509513,-4,-17.093589,-70.638547,325654.78,8109358.68,R
238509513,-5,-17.093588,-70.638537,325655.81,8109358.87,R
238509513,-6,-17.09358,-70.638513,325658.37,8109359.79,R
246439526,5,-17.093697,-70.639473,325556.32,8109345.91,L
246439526,4,-17.093778,-70.639724,325529.7,8109336.76,L
246439526,3,-17.093735,-70.639775,325524.22,8109341.48,L
246439526,2,-17.093751,-70.639831,325518.21,8109339.61,L
246439526,1,-17.093824,-70.639855,325515.81,8109331.53,L
246439526,0,-17.093906,-70.640104,325489.38,8109322.3,L
246439526,0,-17.094082,-70.640041,325496.19,8109302.8,R
246439526,-1,-17.094003,-70.639794,325522.4,8109311.75,R
246439526,-2,-17.093875,-70.63941,325563.18,8109326.28,R
246439527,1,-17.093568,-70.639069,325599.14,8109360.63,L
246439527,0,-17.093697,-70.639473,325556.32,8109345.91,L
246439527,0,-17.093875,-70.63941,325563.18,8109326.28,R
246439527,-1,-17.093741,-70.639008,325605.83,8109341.47,R
249353158,9,-17.101389,-70.635237,326014.32,8108498.49,L
249353158,8,-17.101425,-70.635288,326008.85,8108494.51,L
249353158,7,-17.101456,-70.635344,326002.9,8108490.95,L
249353158,6,-17.101478,-70.635393,325997.8,8108488.53,L
249353158,5,-17.101516,-70.63548,325988.56,8108484.24,L
249353158,4,-17.101539,-70.635529,325983.34,8108481.63,L
249353158,3,-17.101543,-70.635541,325982.04,8108481.17,L
249353158,2,-17.101555,-70.635598,325976,8108479.81,L
249353158,1,-17.101589,-70.635734,325961.54,8108475.9,L
249353158,0,-17.10161,-70.635829,325951.43,8108473.57,L
249353158,0,-17.101734,-70.635807,325953.89,8108459.82,R
249353158,-1,-17.101727,-70.635774,325957.48,8108460.63,R
249353158,-2,-17.101713,-70.635708,325964.5,8108462.22,R
249353158,-3,-17.101688,-70.635618,325974.04,8108465.09,R
249353158,-4,-17.101673,-70.635567,325979.39,8108466.83,R
249353158,-5,-17.10165,-70.635484,325988.24,8108469.44,R
249353158,-6,-17.101636,-70.635448,325992.1,8108470.94,R
249353158,-7,-17.101623,-70.635411,325995.93,8108472.5,R
249353158,-8,-17.101598,-70.635352,326002.24,8108475.29,R
249353158,-9,-17.101581,-70.635311,326006.53,8108477.22,R
249353158,-10,-17.101554,-70.635254,326012.63,8108480.22,R
249353158,-11,-17.101529,-70.635203,326018.06,8108483.09,R
249353158,-12,-17.101496,-70.635162,326022.36,8108486.7,R
249353161,5,-17.10161,-70.635829,325951.43,8108473.57,L
249353161,4,-17.101637,-70.635971,325936.37,8108470.46,L
249353161,3,-17.101659,-70.636114,325921.2,8108467.82,L
249353161,2,-17.101674,-70.636208,325911.18,8108466.06,L
249353161,1,-17.10168,-70.63625,325906.75,8108465.39,L
249353161,0,-17.101681,-70.636281,325903.4,8108465.3,L
249353161,0,-17.10181,-70.63627,325904.69,8108450.95,R
249353161,-1,-17.101802,-70.636222,325909.83,8108451.97,R
249353161,-2,-17.101788,-70.636143,325918.23,8108453.58,R
249353161,-3,-17.101778,-70.636077,325925.23,8108454.67,R
249353161,-4,-17.101759,-70.635951,325938.63,8108456.98,R
249353161,-5,-17.101735,-70.635813,325953.26,8108459.68,R
249353161,-6,-17.101734,-70.635807,325953.89,8108459.82,R
249353162,7,-17.101768,-70.635441,325992.9,8108456.33,L
249353162,6,-17.101755,-70.635405,325996.71,8108457.87,L
249353162,5,-17.101729,-70.635331,326004.61,8108460.84,L
249353162,4,-17.101715,-70.635298,326008.08,8108462.42,L
249353162,3,-17.101689,-70.635239,326014.37,8108465.36,L
249353162,2,-17.101667,-70.635189,326019.64,8108467.82,L
249353162,1,-17.101648,-70.635153,326023.5,8108469.92,L
249353162,0,-17.101604,-70.635078,326031.45,8108474.87,L
249353162,0,-17.101494,-70.635155,326023.13,8108486.94,R
249353162,-1,-17.101532,-70.635206,326017.72,8108482.72,R
249353162,-2,-17.101563,-70.635269,326011,8108479.24,R
249353162,-3,-17.101583,-70.635315,326006.13,8108477.01,R
249353162,-4,-17.101604,-70.635364,326001,8108474.65,R
249353162,-5,-17.101626,-70.635416,325995.42,8108472.08,R
249353162,-6,-17.10164,-70.635455,325991.31,8108470.58,R
249353162,-7,-17.10165,-70.635484,325988.23,8108469.41,R
253128003,7,-17.101031,-70.634352,326108.1,8108538.9,L
253128003,6,-17.101005,-70.634316,326111.92,8108541.82,L
253128003,5,-17.100969,-70.634265,326117.33,8108545.9,L
253128003,4,-17.100942,-70.634226,326121.44,8108548.92,L
253128003,3,-17.100854,-70.634112,326133.51,8108558.71,L
253128003,2,-17.100787,-70.634023,326142.87,8108566.18,L
253128003,1,-17.100637,-70.633825,326163.81,8108582.98,L
253128003,0,-17.100604,-70.633776,326169.05,8108586.69,L
253128003,0,-17.100498,-70.63387,326158.97,8108598.36,R
253128003,-1,-17.100536,-70.633916,326154.06,8108594.05,R
253128003,-2,-17.100637,-70.634043,326140.61,8108582.83,R
253128003,-3,-17.100696,-70.634123,326132.14,8108576.24,R
253128003,-4,-17.100779,-70.634227,326121.17,8108566.88,R
253128003,-5,-17.100849,-70.634315,326111.94,8108559.06,R
253128003,-6,-17.100865,-70.634336,326109.7,8108557.35,R
253128003,-7,-17.100881,-70.634355,326107.68,8108555.51,R
253128003,-8,-17.10091,-70.634391,326103.82,8108552.25,R
253128003,-9,-17.100941,-70.634433,326099.38,8108548.83,R
253128239,5,-17.100138,-70.633581,326189.32,8108638.4,L
253128239,4,-17.10017,-70.63363,326184.21,8108634.85,L
253128239,3,-17.100274,-70.633787,326167.58,8108623.17,L
253128239,2,-17.100346,-70.633885,326157.24,8108615.12,L
253128239,1,-17.100382,-70.633931,326152.32,8108611.14,L
253128239,0,-17.1004,-70.633957,326149.63,8108609.15,L
253128239,0,-17.100498,-70.633871,326158.87,8108598.35,R
253128239,-1,-17.100391,-70.633707,326176.19,8108610.34,R
253128239,-2,-17.100254,-70.633495,326198.63,8108625.64,R
253195955,4,-17.09578,-70.627998,326779.51,8109125.66,L
253195955,3,-17.095825,-70.627885,326791.56,8109120.81,L
253195955,2,-17.09586,-70.627795,326801.15,8109117.03,L
253195955,1,-17.095965,-70.627509,326831.72,8109105.59,L
253195955,0,-17.096022,-70.627289,326855.15,8109099.49,L
253195955,0,-17.095875,-70.627247,326859.51,8109115.83,R
253195955,-1,-17.095828,-70.627408,326842.35,8109120.94,R
253195955,-2,-17.095768,-70.62759,326822.9,8109127.33,R
253195955,-3,-17.095728,-70.627708,326810.33,8109131.66,R
253195955,-4,-17.095641,-70.627944,326785.09,8109141.09,R
253205497,4,-17.095723,-70.627203,326863.99,8109132.65,L
253205497,3,-17.095685,-70.627348,326848.56,8109136.72,L
253205497,2,-17.095637,-70.627515,326830.75,8109141.98,L
253205497,1,-17.095558,-70.62774,326806.74,8109150.42,L
253205497,0,-17.095502,-70.62789,326790.72,8109156.58,L
253205497,0,-17.095641,-70.627944,326785.14,8109141.15,R
253205497,-1,-17.095766,-70.627593,326822.52,8109127.53,R
253205497,-2,-17.095871,-70.627246,326859.63,8109116.31,R
253206148,5,-17.095859,-70.626356,326954.27,8109118.41,L
253206148,4,-17.095857,-70.626361,326953.8,8109118.62,L
253206148,3,-17.095816,-70.626639,326924.18,8109122.86,L
253206148,2,-17.095786,-70.626843,326902.37,8109126.07,L
253206148,1,-17.09575,-70.62707,326878.16,8109129.86,L
253206148,0,-17.095723,-70.627203,326863.99,8109132.65,L
253206148,0,-17.095871,-70.627246,326859.63,8109116.31,R
253206148,-1,-17.095928,-70.626977,326888.22,8109110.24,R
253206148,-2,-17.095948,-70.626792,326907.97,8109108.13,R
253206148,-3,-17.095977,-70.626521,326936.84,8109105.2,R
253206148,-4,-17.096005,-70.626403,326949.41,8109102.2,R
253206148,-5,-17.096006,-70.626399,326949.91,8109102.07,R
253206223,6,-17.096022,-70.627289,326855.15,8109099.49,L
253206223,5,-17.096047,-70.627166,326868.27,8109096.88,L
253206223,4,-17.096092,-70.626805,326906.7,8109092.21,L
253206223,3,-17.096095,-70.626756,326911.95,8109091.9,L
253206223,2,-17.096104,-70.626706,326917.27,8109091.02,L
253206223,1,-17.096126,-70.626598,326928.76,8109088.61,L
253206223,0,-17.096158,-70.626442,326945.43,8109085.25,L
253206223,0,-17.09601,-70.6264,326949.79,8109101.59,R
253206223,-1,-17.095979,-70.626522,326936.75,8109104.97,R
253206223,-2,-17.095973,-70.626595,326928.94,8109105.6,R
253206223,-3,-17.095928,-70.626978,326888.22,8109110.15,R
253206223,-4,-17.095876,-70.627242,326860.01,8109115.75,R
253206223,-5,-17.095875,-70.627247,326859.51,8109115.83,R
253214179,6,-17.096647,-70.632633,326287.01,8109025.62,L
253214179,5,-17.09653,-70.632501,326300.94,8109038.61,L
253214179,4,-17.09648,-70.632443,326307.02,8109044.2,L
253214179,3,-17.096429,-70.632382,326313.56,8109049.98,L
253214179,2,-17.096306,-70.632245,326327.99,8109063.66,L
253214179,1,-17.096263,-70.63219,326333.81,8109068.54,L
253214179,0,-17.096194,-70.632099,326343.45,8109076.19,L
253214179,0,-17.096089,-70.632189,326333.78,8109087.74,R
253214179,-1,-17.096541,-70.632726,326277.03,8109037.22,R
253214655,5,-17.095982,-70.632278,326324.21,8109099.51,L
253214655,4,-17.096214,-70.632554,326295.05,8109073.56,L
253214655,3,-17.096249,-70.632598,326290.37,8109069.63,L
253214655,2,-17.096341,-70.632708,326278.77,8109059.42,L
253214655,1,-17.096425,-70.632811,326267.88,8109050.01,L
253214655,0,-17.096434,-70.632822,326266.74,8109049.02,L
253214655,0,-17.096541,-70.632726,326277.02,8109037.28,R
253214655,-1,-17.096104,-70.63221,326331.47,8109086.08,R
253214655,-2,-17.096089,-70.632189,326333.77,8109087.8,R
253215686,4,-17.096434,-70.632822,326266.74,8109049.02,L
253215686,3,-17.096471,-70.632867,326261.94,8109044.89,L
253215686,2,-17.096544,-70.632964,326251.67,8109036.65,L
253215686,1,-17.096602,-70.633041,326243.59,8109030.19,L
253215686,0,-17.096879,-70.633439,326201.46,8108999.17,L
253215686,0,-17.096995,-70.63336,326209.99,8108986.44,R
253215686,-1,-17.096918,-70.633248,326221.75,8108995.02,R
253215686,-2,-17.096541,-70.632726,326277.02,8109037.28,R
253215716,3,-17.097113,-70.633282,326218.33,8108973.46,L
253215716,2,-17.097088,-70.633248,326222.01,8108976.21,L
253215716,1,-17.096936,-70.633022,326245.86,8108993.26,L
253215716,0,-17.096647,-70.632633,326287.01,8109025.62,L
253215716,0,-17.096541,-70.632726,326277.03,8109037.22,R
253215716,-1,-17.096625,-70.632832,326265.79,8109027.9,R
253215716,-2,-17.096944,-70.633284,326218.04,8108992.2,R
253215716,-3,-17.096996,-70.63336,326209.99,8108986.38,R
253215805,7,-17.096879,-70.633439,326201.46,8108999.17,L
253215805,6,-17.096978,-70.633587,326185.83,8108988.08,L
253215805,5,-17.097015,-70.633644,326179.75,8108983.94,L
253215805,4,-17.09705,-70.633708,326173,8108980.05,L
253215805,3,-17.097089,-70.633786,326164.71,8108975.63,L
253215805,2,-17.097192,-70.634004,326141.63,8108964.04,L
253215805,1,-17.097246,-70.634134,326127.83,8108957.93,L
253215805,0,-17.097258,-70.634164,326124.66,8108956.65,L
253215805,0,-17.097392,-70.634116,326129.86,8108941.84,R
253215805,-1,-17.097384,-70.63409,326132.63,8108942.72,R
253215805,-2,-17.097323,-70.633966,326145.8,8108949.56,R
253215805,-3,-17.097191,-70.633715,326172.38,8108964.43,R
253215805,-4,-17.097083,-70.633509,326194.16,8108976.57,R
253215805,-5,-17.096995,-70.63336,326209.99,8108986.44,R
253216276,4,-17.097528,-70.634071,326134.79,8108926.84,L
253216276,3,-17.09746,-70.633874,326155.7,8108934.54,L
253216276,2,-17.097323,-70.63363,326181.53,8108949.94,L
253216276,1,-17.097157,-70.633359,326210.17,8108968.5,L
253216276,0,-17.097113,-70.633282,326218.33,8108973.46,L
253216276,0,-17.096996,-70.63336,326209.99,8108986.38,R
253216276,-1,-17.097077,-70.633497,326195.47,8108977.25,R
253216276,-2,-17.097326,-70.633966,326145.81,8108949.27,R
253216276,-3,-17.097385,-70.63409,326132.61,8108942.66,R
253216276,-4,-17.097392,-70.634116,326129.84,8108941.78,R
253216430,4,-17.097258,-70.634164,326124.66,8108956.65,L
253216430,3,-17.097273,-70.634207,326120.09,8108954.96,L
253216430,2,-17.097297,-70.634292,326111.05,8108952.15,L
253216430,1,-17.09737,-70.634619,326076.3,8108943.86,L
253216430,0,-17.09741,-70.634842,326052.64,8108939.21,L
253216430,0,-17.097551,-70.634813,326055.87,8108923.57,R
253216430,-1,-17.097392,-70.634116,326129.86,8108941.84,R
253216449,4,-17.097694,-70.634786,326058.8,8108907.84,L
253216449,3,-17.097623,-70.634455,326094.01,8108915.95,L
253216449,2,-17.097584,-70.634311,326109.31,8108920.42,L
253216449,1,-17.097556,-70.634199,326121.15,8108923.56,L
253216449,0,-17.097528,-70.634071,326134.79,8108926.84,L
253216449,0,-17.097392,-70.634116,326129.84,8108941.78,R
253216449,-1,-17.097426,-70.634252,326115.44,8108937.93,R
253216449,-2,-17.097552,-70.634813,326055.84,8108923.52,R
253216758,3,-17.097898,-70.636173,325911.39,8108884.04,L
253216758,2,-17.097891,-70.636093,325919.9,8108884.87,L
253216758,1,-17.097865,-70.635656,325966.4,8108888.12,L
253216758,0,-17.097838,-70.635472,325985.98,8108891.25,L
253216758,0,-17.097701,-70.6355,325982.89,8108906.43,R
253216758,-1,-17.097734,-70.635685,325963.19,8108902.53,R
253216758,-2,-17.097757,-70.636148,325913.99,8108899.61,R
253216758,-3,-17.097758,-70.636174,325911.23,8108899.48,R
253216853,3,-17.09741,-70.634842,326052.64,8108939.21,L
253216853,2,-17.097442,-70.634974,326038.65,8108935.49,L
253216853,1,-17.097474,-70.635108,326024.42,8108931.92,L
253216853,0,-17.097563,-70.635525,325980.12,8108921.7,L
253216853,0,-17.0977,-70.635499,325982.92,8108906.48,R
253216853,-1,-17.097551,-70.634813,326055.87,8108923.57,R
253216875,2,-17.097838,-70.635472,325985.98,8108891.25,L
253216875,1,-17.09772,-70.634924,326044.21,8108904.86,L
253216875,0,-17.097694,-70.634786,326058.8,8108907.84,L
253216875,0,-17.097552,-70.634813,326055.84,8108923.52,R
253216875,-1,-17.097701,-70.6355,325982.89,8108906.43,R
253216944,3,-17.097563,-70.635525,325980.12,8108921.7,L
253216944,2,-17.09758,-70.635606,325971.46,8108919.72,L
253216944,1,-17.097618,-70.636164,325912.13,8108915.03,L
253216944,0,-17.097618,-70.636176,325910.81,8108915,L
253216944,0,-17.097758,-70.636173,325911.27,8108899.52,R
253216944,-1,-17.097733,-70.635687,325962.99,8108902.69,R
253216944,-2,-17.0977,-70.635499,325982.92,8108906.48,R
253218012,11,-17.097776,-70.638024,325714.29,8108895.89,L
253218012,10,-17.09777,-70.637988,325718.1,8108896.49,L
253218012,9,-17.097749,-70.637832,325734.68,8108899,L
253218012,8,-17.097726,-70.637667,325752.29,8108901.72,L
253218012,7,-17.097717,-70.637588,325760.64,8108902.75,L
253218012,6,-17.097716,-70.637518,325768.06,8108902.94,L
253218012,5,-17.097719,-70.637461,325774.18,8108902.62,L
253218012,4,-17.097725,-70.637399,325780.74,8108902.04,L
253218012,3,-17.097736,-70.637335,325787.58,8108900.91,L
253218012,2,-17.09775,-70.637278,325793.73,8108899.43,L
253218012,1,-17.097782,-70.637156,325806.65,8108895.97,L
253218012,0,-17.097791,-70.63713,325809.51,8108895.04,L
253218012,0,-17.097658,-70.637086,325814.05,8108909.7,R
253218012,-1,-17.09765,-70.637113,325811.19,8108910.62,R
253218012,-2,-17.09762,-70.637234,325798.28,8108913.87,R
253218012,-3,-17.097602,-70.637321,325788.95,8108915.72,R
253218012,-4,-17.097594,-70.637407,325779.83,8108916.55,R
253218012,-5,-17.097597,-70.637596,325759.65,8108916,R
253218012,-6,-17.097612,-70.637838,325733.95,8108914.21,R
253218012,-7,-17.097636,-70.63802,325714.65,8108911.35,R
253218012,-8,-17.097641,-70.638048,325711.65,8108910.81,R
253218053,8,-17.097618,-70.636176,325910.81,8108915,L
253218053,7,-17.097619,-70.636217,325906.5,8108914.81,L
253218053,6,-17.09762,-70.63628,325899.81,8108914.64,L
253218053,5,-17.09762,-70.636387,325888.4,8108914.59,L
253218053,4,-17.097595,-70.636687,325856.42,8108917.11,L
253218053,3,-17.09758,-70.636773,325847.31,8108918.68,L
253218053,2,-17.097555,-70.636894,325834.34,8108921.27,L
253218053,1,-17.097531,-70.637007,325822.3,8108923.84,L
253218053,0,-17.097526,-70.637042,325818.64,8108924.42,L
253218053,0,-17.097658,-70.637085,325814.1,8108909.77,R
253218053,-1,-17.097753,-70.636623,325863.4,8108899.67,R
253218053,-2,-17.097766,-70.636362,325891.14,8108898.4,R
253218053,-3,-17.097758,-70.636173,325911.27,8108899.52,R
253218065,4,-17.097791,-70.63713,325809.51,8108895.04,L
253218065,3,-17.097838,-70.636945,325829.21,8108889.93,L
253218065,2,-17.097881,-70.636672,325858.27,8108885.39,L
253218065,1,-17.097903,-70.636338,325893.85,8108883.31,L
253218065,0,-17.097898,-70.636173,325911.39,8108884.04,L
253218065,0,-17.097758,-70.636174,325911.23,8108899.48,R
253218065,-1,-17.097757,-70.636361,325891.33,8108899.43,R
253218065,-2,-17.097754,-70.636623,325863.36,8108899.55,R
253218065,-3,-17.097698,-70.636907,325833.07,8108905.47,R
253218065,-4,-17.097658,-70.637086,325814.05,8108909.7,R
255059020,10,-17.100836,-70.634509,326091.2,8108560.4,L
255059020,9,-17.100843,-70.634516,326090.49,8108559.56,L
255059020,8,-17.100935,-70.634619,326079.6,8108549.35,L
255059020,7,-17.101008,-70.634712,326069.81,8108541.17,L
255059020,6,-17.101139,-70.634881,326051.93,8108526.44,L
255059020,5,-17.101192,-70.634944,326045.25,8108520.52,L
255059020,4,-17.101213,-70.63497,326042.53,8108518.19,L
255059020,3,-17.101254,-70.635032,326036,8108513.59,L
255059020,2,-17.101291,-70.635077,326031.2,8108509.51,L
255059020,1,-17.101363,-70.63519,326019.26,8108501.4,L
255059020,0,-17.101389,-70.635237,326014.32,8108498.49,L
255059020,0,-17.101496,-70.635162,326022.36,8108486.7,R
255059020,-1,-17.10141,-70.63503,326036.29,8108496.34,R
255059020,-2,-17.101344,-70.634934,326046.49,8108503.74,R
255059020,-3,-17.101273,-70.634841,326056.29,8108511.73,R
255059020,-4,-17.101225,-70.634781,326062.6,8108517.11,R
255059020,-5,-17.100941,-70.634434,326099.32,8108548.84,R
255059020,-6,-17.100935,-70.634426,326100.13,8108549.45,R
255359883,10,-17.1004,-70.633957,326149.63,8108609.15,L
255359883,9,-17.100447,-70.634014,326143.55,8108603.87,L
255359883,8,-17.100481,-70.634061,326138.58,8108600.02,L
255359883,7,-17.10055,-70.634154,326128.73,8108592.29,L
255359883,6,-17.100614,-70.634234,326120.34,8108585.22,L
255359883,5,-17.100682,-70.634316,326111.65,8108577.59,L
255359883,4,-17.100754,-70.634407,326102,8108569.54,L
255359883,3,-17.100772,-70.63443,326099.54,8108567.46,L
255359883,2,-17.100792,-70.634454,326097.06,8108565.28,L
255359883,1,-17.100812,-70.634479,326094.38,8108563.09,L
255359883,0,-17.100836,-70.634509,326091.2,8108560.4,L
255359883,0,-17.100935,-70.634426,326100.13,8108549.45,R
255359883,-1,-17.10091,-70.634392,326103.79,8108552.29,R
255359883,-2,-17.10088,-70.634358,326107.35,8108555.66,R
255359883,-3,-17.100863,-70.634338,326109.5,8108557.49,R
255359883,-4,-17.100852,-70.634319,326111.49,8108558.8,R
255359883,-5,-17.100779,-70.634231,326120.8,8108566.89,R
255359883,-6,-17.100696,-70.634125,326131.97,8108576.17,R
255359883,-7,-17.100635,-70.634044,326140.49,8108582.99,R
255359883,-8,-17.100498,-70.633871,326158.87,8108598.35,R
255360138,15,-17.101604,-70.635078,326031.45,8108474.87,L
255360138,14,-17.101575,-70.635033,326036.12,8108478.09,L
255360138,13,-17.101526,-70.634963,326043.53,8108483.54,L
255360138,12,-17.101465,-70.634884,326051.96,8108490.42,L
255360138,11,-17.101438,-70.634849,326055.59,8108493.39,L
255360138,10,-17.101387,-70.634782,326062.7,8108499.12,L
255360138,9,-17.101366,-70.634755,326065.5,8108501.44,L
255360138,8,-17.101335,-70.634716,326069.68,8108504.91,L
255360138,7,-17.101302,-70.634676,326073.87,8108508.66,L
255360138,6,-17.101272,-70.634639,326077.76,8108511.98,L
255360138,5,-17.101217,-70.63457,326085.09,8108518.13,L
255360138,4,-17.101189,-70.634535,326088.77,8108521.3,L
255360138,3,-17.10116,-70.634503,326092.23,8108524.53,L
255360138,2,-17.10111,-70.634446,326098.21,8108530.05,L
255360138,1,-17.101074,-70.6344,326103.03,8108534.11,L
255360138,0,-17.101031,-70.634352,326108.1,8108538.9,L
255360138,0,-17.100941,-70.634433,326099.38,8108548.83,R
255360138,-1,-17.100981,-70.634479,326094.59,8108544.29,R
255360138,-2,-17.10102,-70.634524,326089.79,8108539.97,R
255360138,-3,-17.101044,-70.634555,326086.55,8108537.27,R
255360138,-4,-17.101069,-70.634586,326083.31,8108534.51,R
255360138,-5,-17.101093,-70.634617,326080.01,8108531.81,R
255360138,-6,-17.101121,-70.634651,326076.42,8108528.72,R
255360138,-7,-17.101179,-70.634722,326068.86,8108522.22,R
255360138,-8,-17.101207,-70.634758,326065.09,8108519.07,R
255360138,-9,-17.101241,-70.634799,326060.72,8108515.29,R
255360138,-10,-17.101274,-70.634842,326056.16,8108511.55,R
255360138,-11,-17.101336,-70.634921,326047.89,8108504.67,R
255360138,-12,-17.101382,-70.634988,326040.8,8108499.56,R
255360138,-13,-17.101423,-70.635048,326034.43,8108494.94,R
255360138,-14,-17.101494,-70.635155,326023.13,8108486.94,R
255990642,10,-17.100828,-70.622114,327410.29,8108572.24,L
255990642,9,-17.10082,-70.622054,327416.72,8108573.2,L
255990642,8,-17.100816,-70.621967,327425.99,8108573.76,L
255990642,7,-17.10081,-70.621908,327432.26,8108574.44,L
255990642,6,-17.100805,-70.621864,327436.94,8108575.04,L
255990642,5,-17.100801,-70.621728,327451.39,8108575.58,L
255990642,4,-17.100799,-70.621683,327456.13,8108575.87,L
255990642,3,-17.100795,-70.621619,327462.99,8108576.4,L
255990642,2,-17.100788,-70.621524,327473.11,8108577.19,L
255990642,1,-17.100786,-70.621482,327477.5,8108577.46,L
255990642,0,-17.100791,-70.621361,327490.45,8108577.08,L
255990642,0,-17.100655,-70.621367,327489.71,8108592.11,R
255990642,-1,-17.100665,-70.62156,327469.09,8108590.81,R
255990642,-2,-17.100669,-70.621625,327462.18,8108590.33,R
255990642,-3,-17.100673,-70.621691,327455.23,8108589.8,R
255990642,-4,-17.100684,-70.621867,327436.48,8108588.42,R
255990642,-5,-17.100688,-70.621916,327431.32,8108587.96,R
255990642,-6,-17.100692,-70.621972,327425.28,8108587.4,R
255990642,-7,-17.100701,-70.622042,327417.88,8108586.42,R
255990642,-8,-17.10071,-70.622125,327409.04,8108585.35,R
255990643,7,-17.100914,-70.622802,327337.19,8108562.16,L
255990643,6,-17.100901,-70.622724,327345.44,8108563.61,L
255990643,5,-17.100896,-70.622671,327351.09,8108564.26,L
255990643,4,-17.100891,-70.622628,327355.68,8108564.82,L
255990643,3,-17.100882,-70.62253,327366.13,8108565.91,L
255990643,2,-17.100837,-70.622212,327399.91,8108571.16,L
255990643,1,-17.10083,-70.622149,327406.59,8108571.97,L
255990643,0,-17.100828,-70.622114,327410.29,8108572.24,L
255990643,0,-17.10071,-70.622125,327409.04,8108585.35,R
255990643,-1,-17.100757,-70.622532,327365.78,8108579.74,R
255990643,-2,-17.100768,-70.622635,327354.83,8108578.46,R
255990643,-3,-17.100773,-70.622682,327349.84,8108577.9,R
255990643,-4,-17.100779,-70.622734,327344.27,8108577.18,R
255990643,-5,-17.100788,-70.622811,327336.07,8108576.11,R
257136144,3,-17.100582,-70.62214,327407.31,8108599.42,L
257136144,2,-17.100607,-70.622349,327385.09,8108596.48,L
257136144,1,-17.100645,-70.62267,327350.99,8108591.98,L
257136144,0,-17.100661,-70.62282,327335,8108590.16,L
257136144,0,-17.100787,-70.622811,327336.1,8108576.16,R
257136144,-1,-17.10077,-70.622663,327351.87,8108578.23,R
257136144,-2,-17.100733,-70.622333,327386.91,8108582.63,R
257136144,-3,-17.100709,-70.622125,327409.04,8108585.4,R
258322386,7,-17.100634,-70.619725,327664.38,8108595.81,L
258322386,6,-17.100645,-70.619745,327662.28,8108594.63,L
258322386,5,-17.100654,-70.619765,327660.17,8108593.56,L
258322386,4,-17.100659,-70.619792,327657.24,8108593.07,L
258322386,3,-17.100654,-70.619833,327652.91,8108593.56,L
258322386,2,-17.100644,-70.619917,327643.92,8108594.63,L
258322386,1,-17.100627,-70.619996,327635.54,8108596.43,L
258322386,0,-17.100584,-70.620158,327618.29,8108600.97,L
258322386,0,-17.100711,-70.620182,327615.87,8108586.93,R
258322386,-1,-17.100753,-70.619966,327638.88,8108582.51,R
258322386,-2,-17.10076,-70.619926,327643.14,8108581.76,R
258322386,-3,-17.100771,-70.619862,327649.94,8108580.53,R
258322386,-4,-17.10078,-70.61982,327654.44,8108579.66,R
258322386,-5,-17.100785,-70.619781,327658.55,8108579.14,R
258322386,-6,-17.100787,-70.619749,327661.95,8108578.92,R
258322386,-7,-17.100791,-70.619704,327666.74,8108578.48,R
258322386,-8,-17.100788,-70.619674,327670,8108578.84,R
258322386,-9,-17.100775,-70.619637,327673.89,8108580.34,R
258322387,12,-17.100839,-70.620205,327613.45,8108572.77,L
258322387,11,-17.100839,-70.620201,327613.94,8108572.69,L
258322387,10,-17.100855,-70.620063,327628.59,8108571.11,L
258322387,9,-17.10086,-70.620029,327632.23,8108570.56,L
258322387,8,-17.100863,-70.620014,327633.87,8108570.28,L
258322387,7,-17.100895,-70.619852,327651.13,8108566.9,L
258322387,6,-17.100914,-70.619782,327658.62,8108564.8,L
258322387,5,-17.100922,-70.619744,327662.66,8108563.99,L
258322387,4,-17.100927,-70.619698,327667.52,8108563.48,L
258322387,3,-17.100925,-70.619662,327671.4,8108563.7,L
258322387,2,-17.100922,-70.619633,327674.47,8108564.09,L
258322387,1,-17.100917,-70.619604,327677.58,8108564.62,L
258322387,0,-17.100906,-70.619574,327680.74,8108565.85,L
258322387,0,-17.100775,-70.619632,327674.4,8108580.32,R
258322387,-1,-17.100781,-70.619652,327672.33,8108579.67,R
258322387,-2,-17.100788,-70.619674,327670.01,8108578.82,R
258322387,-3,-17.100792,-70.619704,327666.72,8108578.44,R
258322387,-4,-17.100788,-70.619746,327662.3,8108578.8,R
258322387,-5,-17.100787,-70.619777,327659.03,8108578.93,R
258322387,-6,-17.100781,-70.619826,327653.79,8108579.48,R
258322387,-7,-17.100759,-70.619934,327642.24,8108581.81,R
258322387,-8,-17.10074,-70.620039,327631.12,8108583.86,R
258322387,-9,-17.100712,-70.620182,327615.85,8108586.85,R
258323510,7,-17.100584,-70.620158,327618.29,8108600.97,L
258323510,6,-17.100583,-70.620164,327617.58,8108601.12,L
258323510,5,-17.100573,-70.620215,327612.2,8108602.21,L
258323510,4,-17.100561,-70.620289,327604.3,8108603.4,L
258323510,3,-17.100536,-70.620436,327588.62,8108606.03,L
258323510,2,-17.100525,-70.620514,327580.29,8108607.18,L
258323510,1,-17.100514,-70.620567,327574.69,8108608.43,L
258323510,0,-17.100511,-70.620591,327572.14,8108608.74,L
258323510,0,-17.10065,-70.620604,327570.87,8108593.32,R
258323510,-1,-17.100657,-70.620499,327582.07,8108592.67,R
258323510,-2,-17.10071,-70.620186,327615.38,8108587.03,R
258323510,-3,-17.100711,-70.620182,327615.87,8108586.93,R
259649639,13,-17.094224,-70.643546,325123.34,8109283.93,L
259649639,12,-17.094268,-70.643537,325124.31,8109279.14,L
259649639,11,-17.094311,-70.643518,325126.39,8109274.38,L
259649639,10,-17.094367,-70.643482,325130.27,8109268.24,L
259649639,9,-17.094412,-70.64344,325134.82,8109263.25,L
259649639,8,-17.09445,-70.64339,325140.12,8109259.08,L
259649639,7,-17.09448,-70.643335,325146.04,8109255.84,L
259649639,6,-17.094501,-70.643275,325152.41,8109253.61,L
259649639,5,-17.094511,-70.643213,325159.06,8109252.46,L
259649639,4,-17.094512,-70.643149,325165.81,8109252.43,L
259649639,3,-17.094503,-70.643087,325172.47,8109253.51,L
259649639,2,-17.094479,-70.643015,325180.11,8109256.24,L
259649639,1,-17.094449,-70.642934,325188.63,8109259.61,L
259649639,0,-17.094421,-70.642858,325196.68,8109262.76,L
259649639,0,-17.094268,-70.642911,325190.94,8109279.65,R
259649639,-1,-17.094338,-70.643134,325167.27,8109271.78,R
259649639,-2,-17.09434,-70.64319,325161.31,8109271.42,R
259649639,-3,-17.094331,-70.64324,325155.99,8109272.42,R
259649639,-4,-17.094311,-70.643285,325151.17,8109274.63,R
259649639,-5,-17.094279,-70.643325,325146.93,8109278.06,R
259649639,-6,-17.09424,-70.643355,325143.7,8109282.42,R
259649639,-7,-17.09421,-70.643369,325142.18,8109285.7,R
259649639,-8,-17.094187,-70.643375,325141.44,8109288.17,R
259649640,12,-17.093574,-70.643151,325164.78,8109356.28,L
259649640,11,-17.093583,-70.643182,325161.45,8109355.22,L
259649640,10,-17.093595,-70.643218,325157.61,8109353.86,L
259649640,9,-17.093633,-70.6433,325149,8109349.64,L
259649640,8,-17.093677,-70.643366,325142.01,8109344.7,L
259649640,7,-17.093733,-70.643428,325135.47,8109338.42,L
259649640,6,-17.093802,-70.643482,325129.72,8109330.76,L
259649640,5,-17.09387,-70.64352,325125.77,8109323.16,L
259649640,4,-17.093947,-70.643548,325122.85,8109314.58,L
259649640,3,-17.094033,-70.643564,325121.24,8109305.14,L
259649640,2,-17.094115,-70.643565,325121.22,8109296.07,L
259649640,1,-17.094205,-70.643551,325122.82,8109286.12,L
259649640,0,-17.094224,-70.643546,325123.34,8109283.93,L
259649640,0,-17.094187,-70.643375,325141.44,8109288.17,R
259649640,-1,-17.094128,-70.64339,325139.88,8109294.76,R
259649640,-2,-17.094072,-70.643393,325139.47,8109300.97,R
259649640,-3,-17.094017,-70.643387,325140.03,8109307.07,R
259649640,-4,-17.093963,-70.643373,325141.54,8109313.01,R
259649640,-5,-17.093912,-70.643349,325144,8109318.7,R
259649640,-6,-17.093865,-70.643318,325147.3,8109323.87,R
259649640,-7,-17.093824,-70.643279,325151.35,8109328.44,R
259649640,-8,-17.093789,-70.643234,325156.09,8109332.34,R
259649640,-9,-17.093762,-70.643184,325161.39,8109335.44,R
259649640,-10,-17.093733,-70.643103,325170.06,8109338.72,R
259649640,-11,-17.093731,-70.643098,325170.54,8109338.89,R
259649641,14,-17.093812,-70.642348,325250.43,8109330.61,L
259649641,13,-17.093798,-70.642353,325249.91,8109332.15,L
259649641,12,-17.093781,-70.642362,325248.96,8109334.06,L
259649641,11,-17.093739,-70.642383,325246.63,8109338.74,L
259649641,10,-17.093672,-70.64243,325241.59,8109346.06,L
259649641,9,-17.093626,-70.642473,325237.01,8109351.07,L
259649641,8,-17.093577,-70.642538,325229.95,8109356.49,L
259649641,7,-17.093546,-70.642594,325224.03,8109359.83,L
259649641,6,-17.093519,-70.642672,325215.66,8109362.79,L
259649641,5,-17.093506,-70.642735,325209,8109364.14,L
259649641,4,-17.093503,-70.642823,325199.59,8109364.37,L
259649641,3,-17.093515,-70.642906,325190.78,8109362.99,L
259649641,2,-17.093535,-70.643002,325180.55,8109360.73,L
259649641,1,-17.093542,-70.643029,325177.69,8109359.91,L
259649641,0,-17.093574,-70.643151,325164.78,8109356.28,L
259649641,0,-17.093731,-70.643098,325170.54,8109338.89,R
259649641,-1,-17.093697,-70.64295,325186.22,8109342.84,R
259649641,-2,-17.093674,-70.642838,325198.21,8109345.5,R
259649641,-3,-17.093671,-70.642781,325204.18,8109345.83,R
259649641,-4,-17.093679,-70.642727,325209.95,8109345.04,R
259649641,-5,-17.093696,-70.642675,325215.55,8109343.19,R
259649641,-6,-17.093722,-70.642627,325220.71,8109340.3,R
259649641,-7,-17.093757,-70.642584,325225.23,8109336.5,R
259649641,-8,-17.093799,-70.64255,325228.94,8109331.95,R
259649641,-9,-17.093845,-70.642524,325231.71,8109326.83,R
259649641,-10,-17.093861,-70.642518,325232.39,8109325.05,R
259649641,-11,-17.093866,-70.642516,325232.6,8109324.48,R
259933105,11,-17.09431,-70.642521,325232.48,8109275.38,L
259933105,10,-17.094307,-70.642517,325232.89,8109275.71,L
259933105,9,-17.09428,-70.642471,325237.81,8109278.77,L
259933105,8,-17.094239,-70.64243,325242.14,8109283.34,L
259933105,7,-17.094188,-70.642393,325245.97,8109289.01,L
259933105,6,-17.094136,-70.64237,325248.43,8109294.82,L
259933105,5,-17.094075,-70.642354,325250.08,8109301.49,L
259933105,4,-17.094031,-70.642338,325251.72,8109306.4,L
259933105,3,-17.093952,-70.642321,325253.4,8109315.13,L
259933105,2,-17.093884,-70.642325,325252.98,8109322.71,L
259933105,1,-17.09384,-70.642333,325252.09,8109327.59,L
259933105,0,-17.093812,-70.642348,325250.43,8109330.61,L
259933105,0,-17.093866,-70.642516,325232.6,8109324.48,R
259933105,-1,-17.093911,-70.642504,325233.97,8109319.51,R
259933105,-2,-17.093956,-70.642506,325233.8,8109314.6,R
259933105,-3,-17.094087,-70.642545,325229.76,8109300.05,R
259933105,-4,-17.094124,-70.642567,325227.46,8109295.93,R
259933105,-5,-17.094145,-70.642587,325225.29,8109293.57,R
259933105,-6,-17.094162,-70.642611,325222.77,8109291.65,R
260629733,6,-17.100791,-70.621361,327490.45,8108577.08,L
260629733,5,-17.100787,-70.621265,327500.63,8108577.58,L
260629733,4,-17.100779,-70.621149,327513.03,8108578.55,L
260629733,3,-17.100775,-70.620991,327529.81,8108579.14,L
260629733,2,-17.100775,-70.620795,327550.63,8108579.26,L
260629733,1,-17.100773,-70.620707,327560,8108579.6,L
260629733,0,-17.100786,-70.620616,327569.7,8108578.27,L
260629733,0,-17.100652,-70.620603,327570.98,8108593.09,R
260629733,-1,-17.100642,-70.620709,327559.73,8108594.07,R
260629733,-2,-17.100643,-70.620796,327550.41,8108593.94,R
260629733,-3,-17.100646,-70.620993,327529.5,8108593.44,R
260629733,-4,-17.100649,-70.621153,327512.46,8108592.94,R
260629733,-5,-17.100652,-70.621269,327500.13,8108592.49,R
260629733,-6,-17.100655,-70.621367,327489.71,8108592.11,R
261791156,3,-17.100786,-70.620616,327569.7,8108578.27,L
261791156,2,-17.100786,-70.620611,327570.2,8108578.21,L
261791156,1,-17.100814,-70.620362,327596.72,8108575.35,L
261791156,0,-17.100839,-70.620205,327613.45,8108572.77,L
261791156,0,-17.100712,-70.620182,327615.85,8108586.85,R
261791156,-1,-17.100692,-70.620303,327602.89,8108588.94,R
261791156,-2,-17.100691,-70.620331,327599.92,8108589.06,R
261791156,-3,-17.100671,-70.620475,327584.6,8108591.12,R
261791156,-4,-17.100662,-70.620514,327580.42,8108592,R
261791156,-5,-17.100653,-70.620598,327571.48,8108592.99,R
261791156,-6,-17.100652,-70.620603,327570.98,8108593.09,R
262672351,8,-17.100511,-70.620591,327572.14,8108608.74,L
262672351,7,-17.100507,-70.620609,327570.19,8108609.08,L
262672351,6,-17.1005,-70.62067,327563.75,8108609.88,L
262672351,5,-17.100495,-70.62074,327556.24,8108610.34,L
262672351,4,-17.100496,-70.620892,327540.12,8108610.12,L
262672351,3,-17.100497,-70.62098,327530.71,8108609.87,L
262672351,2,-17.100506,-70.621137,327514.03,8108608.8,L
262672351,1,-17.100518,-70.62129,327497.69,8108607.35,L
262672351,0,-17.100522,-70.621376,327488.6,8108606.81,L
262672351,0,-17.100653,-70.621368,327489.59,8108592.29,R
262672351,-1,-17.100651,-70.621274,327499.59,8108592.58,R
262672351,-2,-17.100648,-70.621122,327515.75,8108593.11,R
262672351,-3,-17.100644,-70.620959,327533.12,8108593.65,R
262672351,-4,-17.10064,-70.620716,327558.98,8108594.29,R
262672351,-5,-17.100643,-70.620675,327563.3,8108593.99,R
262672351,-6,-17.10065,-70.620604,327570.87,8108593.32,R
262849438,13,-17.09482,-70.643746,325102.65,8109217.84,L
262849438,12,-17.094837,-70.643745,325102.71,8109215.99,L
262849438,11,-17.094869,-70.643751,325102.06,8109212.39,L
262849438,10,-17.09492,-70.643755,325101.74,8109206.77,L
262849438,9,-17.094966,-70.643749,325102.44,8109201.64,L
262849438,8,-17.095009,-70.643737,325103.72,8109196.93,L
262849438,7,-17.095063,-70.643709,325106.77,8109190.93,L
262849438,6,-17.095108,-70.643674,325110.58,8109186.08,L
262849438,5,-17.095143,-70.643629,325115.35,8109182.15,L
262849438,4,-17.095171,-70.643579,325120.75,8109179.16,L
262849438,3,-17.095188,-70.643523,325126.65,8109177.35,L
262849438,2,-17.095194,-70.64346,325133.34,8109176.7,L
262849438,1,-17.095189,-70.643403,325139.47,8109177.33,L
262849438,0,-17.095168,-70.643371,325142.81,8109179.71,L
262849438,0,-17.095003,-70.643429,325136.51,8109197.87,R
262849438,-1,-17.095013,-70.64344,325135.37,8109196.79,R
262849438,-2,-17.095013,-70.64348,325131.1,8109196.69,R
262849438,-3,-17.094999,-70.643518,325127.08,8109198.18,R
262849438,-4,-17.094972,-70.643539,325124.78,8109201.16,R
262849438,-5,-17.094941,-70.643548,325123.73,8109204.68,R
262849438,-6,-17.094923,-70.643557,325122.77,8109206.6,R
262849438,-7,-17.094896,-70.643563,325122.13,8109209.57,R
262849438,-8,-17.094789,-70.643591,325119.05,8109221.42,R
262849438,-9,-17.094784,-70.643591,325119.05,8109221.94,R
262849439,11,-17.095296,-70.643734,325104.3,8109165.16,L
262849439,10,-17.095291,-70.643689,325109.1,8109165.78,L
262849439,9,-17.095274,-70.643612,325117.24,8109167.77,L
262849439,8,-17.095246,-70.643548,325124.07,8109170.86,L
262849439,7,-17.095196,-70.643494,325129.82,8109176.5,L
262849439,6,-17.095124,-70.643477,325131.47,8109184.46,L
262849439,5,-17.095053,-70.643474,325131.81,8109192.3,L
262849439,4,-17.094995,-70.643501,325128.85,8109198.72,L
262849439,3,-17.094942,-70.64352,325126.75,8109204.56,L
262849439,2,-17.094898,-70.643536,325125.05,8109209.35,L
262849439,1,-17.094825,-70.64358,325120.28,8109217.44,L
262849439,0,-17.094784,-70.643591,325119.05,8109221.94,L
262849439,0,-17.09482,-70.643746,325102.65,8109217.84,R
262849439,-1,-17.094958,-70.643734,325103.96,8109202.59,R
262849439,-2,-17.094988,-70.643725,325104.98,8109199.32,R
262849439,-3,-17.095028,-70.643717,325105.9,8109194.88,R
262849439,-4,-17.095062,-70.643709,325106.77,8109191.05,R
262849439,-5,-17.095097,-70.643723,325105.34,8109187.21,R
262849439,-6,-17.095111,-70.643753,325102.11,8109185.65,R
262849439,-7,-17.095118,-70.643772,325100.09,8109184.83,R
262849439,-8,-17.095124,-70.643791,325098.08,8109184.16,R
262849439,-9,-17.095123,-70.643796,325097.6,8109184.3,R
262974503,5,-17.100661,-70.62282,327335,8108590.16,L
262974503,4,-17.100673,-70.622896,327326.93,8108588.77,L
262974503,3,-17.100684,-70.622994,327316.58,8108587.46,L
262974503,2,-17.100687,-70.623034,327312.24,8108587.04,L
262974503,1,-17.100697,-70.623093,327306.03,8108585.87,L
262974503,0,-17.10072,-70.623313,327282.64,8108583.18,L
262974503,0,-17.100838,-70.623298,327284.31,8108570.07,R
262974503,-1,-17.100828,-70.623234,327291.13,8108571.28,R
262974503,-2,-17.100824,-70.6232,327294.73,8108571.79,R
262974503,-3,-17.100818,-70.623149,327300.18,8108572.5,R
262974503,-4,-17.100809,-70.623053,327310.37,8108573.59,R
262974503,-5,-17.100803,-70.622991,327316.94,8108574.24,R
262974503,-6,-17.100797,-70.622929,327323.6,8108574.94,R
262974503,-7,-17.100787,-70.622811,327336.1,8108576.16,R
264102989,6,-17.101944,-70.636249,325907.07,8108436.17,L
264102989,5,-17.101938,-70.636187,325913.7,8108436.95,L
264102989,4,-17.101926,-70.636125,325920.25,8108438.33,L
264102989,3,-17.101909,-70.636041,325929.15,8108440.28,L
264102989,2,-17.101886,-70.635919,325942.15,8108442.94,L
264102989,1,-17.101876,-70.635858,325948.65,8108444.01,L
264102989,0,-17.101862,-70.635784,325956.54,8108445.63,L
264102989,0,-17.101735,-70.635808,325953.88,8108459.75,R
264102989,-1,-17.101741,-70.635843,325950.07,8108458.98,R
264102989,-2,-17.101753,-70.635913,325942.65,8108457.66,R
264102989,-3,-17.101811,-70.636271,325904.68,8108450.91,R
264271675,1,-17.100799,-70.628146,326768.32,8108570.1,L
264271675,0,-17.100438,-70.628878,326690.13,8108609.44,L
264271675,0,-17.100581,-70.628956,326682,8108593.53,R
264271675,-1,-17.100841,-70.628444,326736.71,8108565.19,R
264271675,-2,-17.100945,-70.628224,326760.25,8108553.91,R
264759825,3,-17.100438,-70.628878,326690.13,8108609.44,L
264759825,2,-17.100307,-70.629145,326661.57,8108623.66,L
264759825,1,-17.100195,-70.629362,326638.38,8108635.89,L
264759825,0,-17.100067,-70.629622,326610.56,8108649.77,L
264759825,0,-17.100239,-70.629697,326602.76,8108630.74,R
264759825,-1,-17.100452,-70.629237,326651.9,8108607.52,R
264759825,-2,-17.100581,-70.628956,326682,8108593.53,R
264875251,5,-17.100069,-70.632822,326270.11,8108646.74,L
264875251,4,-17.10001,-70.632627,326290.77,8108653.49,L
264875251,3,-17.099983,-70.632521,326301.99,8108656.48,L
264875251,2,-17.099976,-70.632481,326306.26,8108657.3,L
264875251,1,-17.099943,-70.632271,326328.57,8108661.17,L
264875251,0,-17.099919,-70.632014,326355.93,8108664.07,L
264875251,0,-17.099745,-70.632036,326353.41,8108683.29,R
264875251,-1,-17.099759,-70.63216,326340.18,8108681.64,R
264875251,-2,-17.099777,-70.632279,326327.54,8108679.58,R
264875251,-3,-17.099824,-70.632537,326300.2,8108674.15,R
264875251,-4,-17.099853,-70.632677,326285.33,8108670.82,R
264875251,-5,-17.099892,-70.632789,326273.4,8108666.41,R
264875251,-6,-17.099919,-70.632871,326264.72,8108663.3,R
265729091,8,-17.100378,-70.633399,326208.91,8108612.04,L
265729091,7,-17.100309,-70.633284,326221.15,8108619.79,L
265729091,6,-17.100255,-70.633201,326229.94,8108625.8,L
265729091,5,-17.100216,-70.633136,326236.77,8108630.16,L
265729091,4,-17.100159,-70.63304,326246.9,8108636.61,L
265729091,3,-17.100136,-70.632996,326251.6,8108639.14,L
265729091,2,-17.10012,-70.632965,326254.89,8108640.97,L
265729091,1,-17.100095,-70.6329,326261.74,8108643.82,L
265729091,0,-17.100069,-70.632822,326270.11,8108646.74,L
265729091,0,-17.099919,-70.632871,326264.72,8108663.3,R
265729091,-1,-17.099942,-70.63293,326258.4,8108660.71,R
265729091,-2,-17.099987,-70.633057,326244.96,8108655.55,R
265729091,-3,-17.100013,-70.633111,326239.28,8108652.68,R
265729091,-4,-17.100046,-70.633167,326233.3,8108649.03,R
265729091,-5,-17.100082,-70.633227,326227.01,8108644.89,R
265729091,-6,-17.100131,-70.633304,326218.78,8108639.48,R
265729091,-7,-17.100249,-70.633486,326199.53,8108626.22,R
267386867,2,-17.094202,-70.639441,325560.18,8109290.13,L
267386867,1,-17.0944,-70.639722,325530.45,8109267.95,L
267386867,0,-17.094526,-70.639915,325510.02,8109253.79,L
267386867,0,-17.094652,-70.639828,325519.41,8109239.99,R
267386867,-1,-17.094527,-70.639634,325539.95,8109253.97,R
267386867,-2,-17.094392,-70.639429,325561.62,8109269.03,R
267386867,-3,-17.094335,-70.639338,325571.27,8109275.49,R
267596259,7,-17.102532,-70.626122,326985.41,8108380.11,L
267596259,6,-17.102553,-70.626215,326975.48,8108377.78,L
267596259,5,-17.102603,-70.62642,326953.7,8108372.06,L
267596259,4,-17.102631,-70.626551,326939.75,8108368.79,L
267596259,3,-17.102658,-70.626674,326926.7,8108365.68,L
267596259,2,-17.102673,-70.626748,326918.92,8108363.98,L
267596259,1,-17.102683,-70.626817,326911.55,8108362.76,L
267596259,0,-17.102689,-70.626868,326906.14,8108362.05,L
267596259,0,-17.102808,-70.626857,326907.4,8108348.95,R
267596259,-1,-17.102803,-70.62681,326912.45,8108349.59,R
267596259,-2,-17.102791,-70.626722,326921.74,8108350.94,R
267596259,-3,-17.102777,-70.626632,326931.28,8108352.62,R
267596259,-4,-17.102756,-70.626514,326943.83,8108355.03,R
267596259,-5,-17.102733,-70.626384,326957.71,8108357.67,R
267596259,-6,-17.102699,-70.626192,326978.03,8108361.55,R
267596259,-7,-17.102676,-70.626089,326989.02,8108364.24,R
267596260,7,-17.102934,-70.626847,326908.53,8108335.02,L
267596260,6,-17.102918,-70.626738,326920.22,8108336.88,L
267596260,5,-17.10291,-70.626653,326929.18,8108337.81,L
267596260,4,-17.102899,-70.626566,326938.43,8108339.12,L
267596260,3,-17.102892,-70.626492,326946.29,8108339.97,L
267596260,2,-17.102874,-70.626359,326960.46,8108342.13,L
267596260,1,-17.102843,-70.62617,326980.52,8108345.63,L
267596260,0,-17.10282,-70.626058,326992.49,8108348.29,L
267596260,0,-17.102677,-70.626089,326989.03,8108364.16,R
267596260,-1,-17.1027,-70.626192,326978.06,8108361.45,R
267596260,-2,-17.102733,-70.626378,326958.34,8108357.7,R
267596260,-3,-17.102757,-70.62652,326943.21,8108354.86,R
267596260,-4,-17.102769,-70.626588,326935.99,8108353.45,R
267596260,-5,-17.102784,-70.626675,326926.79,8108351.8,R
267596260,-6,-17.102791,-70.626722,326921.74,8108350.9,R
267596260,-7,-17.102809,-70.626858,326907.33,8108348.85,R
267754229,13,-17.100067,-70.629622,326610.56,8108649.77,L
267754229,12,-17.100066,-70.629626,326610.21,8108649.97,L
267754229,11,-17.100057,-70.629653,326607.32,8108650.9,L
267754229,10,-17.100047,-70.629686,326603.78,8108651.95,L
267754229,9,-17.100041,-70.629733,326598.74,8108652.57,L
267754229,8,-17.100035,-70.629794,326592.3,8108653.25,L
267754229,7,-17.100036,-70.629854,326585.84,8108653,L
267754229,6,-17.100047,-70.629919,326578.95,8108651.72,L
267754229,5,-17.100077,-70.630002,326570.15,8108648.4,L
267754229,4,-17.100101,-70.630082,326561.71,8108645.65,L
267754229,3,-17.100125,-70.630136,326555.95,8108642.94,L
267754229,2,-17.100157,-70.630187,326550.54,8108639.39,L
267754229,1,-17.100198,-70.630237,326545.3,8108634.73,L
267754229,0,-17.100234,-70.630265,326542.35,8108630.81,L
267754229,0,-17.100334,-70.630121,326557.76,8108619.79,R
267754229,-1,-17.100321,-70.630114,326558.48,8108621.23,R
267754229,-2,-17.100288,-70.630075,326562.6,8108624.92,R
267754229,-3,-17.100263,-70.630028,326567.58,8108627.74,R
267754229,-4,-17.100209,-70.629863,326585.09,8108633.84,R
267754229,-5,-17.100204,-70.62981,326590.76,8108634.45,R
267754229,-6,-17.10021,-70.629772,326594.78,8108633.86,R
267754229,-7,-17.10022,-70.62974,326598.15,8108632.74,R
267754229,-8,-17.10023,-70.62972,326600.36,8108631.67,R
267754229,-9,-17.100239,-70.629697,326602.76,8108630.74,R
268141757,2,-17.09407,-70.63562,325966.67,8109308.14,L
268141757,1,-17.09377,-70.635242,326006.67,8109341.68,L
268141757,0,-17.093718,-70.635175,326013.72,8109347.46,L
268141757,0,-17.093595,-70.635269,326003.6,8109361,R
268141757,-1,-17.09367,-70.635366,325993.42,8109352.62,R
268141757,-2,-17.093683,-70.635382,325991.74,8109351.14,R
268141757,-3,-17.093869,-70.635617,325966.88,8109330.32,R
268141757,-4,-17.093889,-70.635642,325964.2,8109328.1,R
268141757,-5,-17.09395,-70.635719,325956.09,8109321.33,R
268141757,-6,-17.093953,-70.635723,325955.69,8109320.99,R
268141759,2,-17.09444,-70.636032,325923.26,8109266.82,L
268141759,1,-17.094368,-70.635938,325933.18,8109274.84,L
268141759,0,-17.09407,-70.63562,325966.67,8109308.14,L
268141759,0,-17.093953,-70.635723,325955.69,8109320.99,R
268141759,-1,-17.094032,-70.635812,325946.23,8109312.15,R
268141759,-2,-17.094326,-70.636142,325911.44,8109279.33,R
268142220,1,-17.093991,-70.636813,325839.63,8109315.82,L
268142220,0,-17.093913,-70.636632,325858.88,8109324.63,L
268142220,0,-17.093776,-70.636699,325851.61,8109339.65,R
268142220,-1,-17.093854,-70.636879,325832.57,8109330.91,R
268142221,1,-17.094129,-70.63673,325848.63,8109300.62,L
268142221,0,-17.094056,-70.636566,325866.04,8109308.81,L
268142221,0,-17.093904,-70.636641,325857.89,8109325.53,R
268142221,-1,-17.09401,-70.636785,325842.65,8109313.74,R
268142222,1,-17.093508,-70.635995,325926.28,8109370,L
268142222,0,-17.093565,-70.636165,325908.2,8109363.48,L
268142222,0,-17.093696,-70.636113,325913.9,8109349.01,R
268142222,-1,-17.093631,-70.63595,325931.19,8109356.37,R
268142223,1,-17.093644,-70.635944,325931.79,8109355.01,L
268142223,0,-17.093705,-70.636113,325913.86,8109348.1,L
268142223,0,-17.093827,-70.636066,325919.06,8109334.58,R
268142223,-1,-17.093766,-70.635897,325936.99,8109341.49,R
268143774,12,-17.093433,-70.636315,325892.15,8109377.98,L
268143774,11,-17.093439,-70.636319,325891.78,8109377.34,L
268143774,10,-17.093524,-70.636373,325886.09,8109367.87,L
268143774,9,-17.093577,-70.636399,325883.31,8109362,L
268143774,8,-17.093625,-70.636412,325882.05,8109356.62,L
268143774,7,-17.09368,-70.636412,325882.09,8109350.54,L
268143774,6,-17.093738,-70.636398,325883.62,8109344.11,L
268143774,5,-17.094051,-70.636263,325898.29,8109309.67,L
268143774,4,-17.094104,-70.636242,325900.52,8109303.84,L
268143774,3,-17.094146,-70.63623,325901.85,8109299.2,L
268143774,2,-17.094172,-70.636227,325902.19,8109296.26,L
268143774,1,-17.094189,-70.63623,325901.92,8109294.42,L
268143774,0,-17.094211,-70.636246,325900.19,8109291.98,L
268143774,0,-17.094321,-70.63614,325911.61,8109279.85,R
268143774,-1,-17.094275,-70.636103,325915.5,8109285,R
268143774,-2,-17.09423,-70.636083,325917.55,8109290.03,R
268143774,-3,-17.094178,-70.636075,325918.35,8109295.7,R
268143774,-4,-17.094124,-70.63608,325917.85,8109301.75,R
268143774,-5,-17.09404,-70.636104,325915.17,8109311.03,R
268143774,-6,-17.093701,-70.63625,325899.28,8109348.4,R
268143774,-7,-17.093671,-70.636259,325898.31,8109351.67,R
268143774,-8,-17.09365,-70.636261,325898.1,8109354.06,R
268143774,-9,-17.093633,-70.636259,325898.35,8109355.85,R
268143774,-10,-17.093621,-70.636253,325898.91,8109357.22,R
268143774,-11,-17.093512,-70.636181,325906.45,8109369.41,R
268143775,7,-17.09377,-70.636706,325850.88,8109340.38,L
268143775,6,-17.093774,-70.636694,325852.16,8109339.86,L
268143775,5,-17.093762,-70.636649,325856.94,8109341.23,L
268143775,4,-17.093724,-70.636432,325879.99,8109345.67,L
268143775,3,-17.093701,-70.636354,325888.31,8109348.24,L
268143775,2,-17.093674,-70.636302,325893.78,8109351.37,L
268143775,1,-17.093638,-70.636264,325897.79,8109355.29,L
268143775,0,-17.093512,-70.636181,325906.45,8109369.41,L
268143775,0,-17.093433,-70.636315,325892.15,8109377.98,R
268143775,-1,-17.093545,-70.636386,325884.71,8109365.55,R
268143775,-2,-17.093555,-70.636398,325883.43,8109364.37,R
268143775,-3,-17.093566,-70.636421,325880.98,8109363.21,R
268143775,-4,-17.093575,-70.636455,325877.36,8109362.16,R
268143775,-5,-17.093588,-70.636518,325870.68,8109360.7,R
268143775,-6,-17.09362,-70.636701,325851.2,8109356.92,R
268143775,-7,-17.093635,-70.63675,325846,8109355.25,R
268143775,-8,-17.093647,-70.63676,325845.04,8109353.94,R
268143775,-9,-17.093651,-70.636763,325844.72,8109353.5,R
268144000,13,-17.093507,-70.636502,325872.36,8109369.68,L
268144000,12,-17.093513,-70.636502,325872.36,8109368.94,L
268144000,11,-17.09365,-70.636504,325872.24,8109353.81,L
268144000,10,-17.093666,-70.636497,325873.01,8109352.08,L
268144000,9,-17.093671,-70.636497,325873.06,8109351.52,L
268144000,8,-17.09373,-70.636485,325874.39,8109344.92,L
268144000,7,-17.093789,-70.636459,325877.16,8109338.48,L
268144000,6,-17.09396,-70.636345,325889.49,8109319.64,L
268144000,5,-17.09405,-70.636286,325895.79,8109309.69,L
268144000,4,-17.0941,-70.636259,325898.78,8109304.2,L
268144000,3,-17.09413,-70.636245,325900.23,8109300.92,L
268144000,2,-17.094154,-70.636239,325900.96,8109298.3,L
268144000,1,-17.094172,-70.636238,325901,8109296.24,L
268144000,0,-17.094211,-70.636246,325900.19,8109291.98,L
268144000,0,-17.094321,-70.63614,325911.61,8109279.85,R
268144000,-1,-17.094306,-70.636121,325913.59,8109281.56,R
268144000,-2,-17.094268,-70.636085,325917.44,8109285.82,R
268144000,-3,-17.094215,-70.636066,325919.39,8109291.72,R
268144000,-4,-17.094155,-70.636061,325919.86,8109298.35,R
268144000,-5,-17.094097,-70.636071,325918.79,8109304.76,R
268144000,-6,-17.094026,-70.636099,325915.72,8109312.5,R
268144000,-7,-17.093909,-70.636169,325908.19,8109325.45,R
268144000,-8,-17.093729,-70.636291,325894.99,8109345.24,R
268144000,-9,-17.093698,-70.636308,325893.15,8109348.63,R
268144000,-10,-17.093674,-70.636317,325892.17,8109351.26,R
268144000,-11,-17.093658,-70.63632,325891.85,8109353.12,R
268144000,-12,-17.093635,-70.636313,325892.58,8109355.64,R
268144000,-13,-17.093516,-70.636311,325892.7,8109368.79,R
268144000,-14,-17.093509,-70.63631,325892.71,8109369.53,R
268144001,9,-17.093913,-70.636632,325858.88,8109324.63,L
268144001,8,-17.093913,-70.63663,325859.07,8109324.63,L
268144001,7,-17.093928,-70.63661,325861.2,8109322.93,L
268144001,6,-17.093925,-70.636603,325861.94,8109323.27,L
268144001,5,-17.093861,-70.636462,325876.88,8109330.51,L
268144001,4,-17.093822,-70.636402,325883.22,8109334.84,L
268144001,3,-17.093782,-70.636361,325887.56,8109339.29,L
268144001,2,-17.093734,-70.636331,325890.71,8109344.62,L
268144001,1,-17.093683,-70.636315,325892.34,8109350.37,L
268144001,0,-17.093509,-70.63631,325892.71,8109369.53,L
268144001,0,-17.093507,-70.636502,325872.36,8109369.68,R
268144001,-1,-17.09365,-70.636503,325872.36,8109353.84,R
268144001,-2,-17.093662,-70.636507,325871.97,8109352.46,R
268144001,-3,-17.093674,-70.636515,325871.08,8109351.19,R
268144001,-4,-17.09369,-70.636536,325868.87,8109349.39,R
268144001,-5,-17.09371,-70.636574,325864.86,8109347.06,R
268144001,-6,-17.093762,-70.636688,325852.72,8109341.26,R
268144001,-7,-17.093776,-70.636699,325851.61,8109339.65,R
268144243,11,-17.093636,-70.636413,325881.97,8109355.4,L
268144243,10,-17.093643,-70.636412,325881.99,8109354.66,L
268144243,9,-17.09378,-70.636412,325882.19,8109339.53,L
268144243,8,-17.093795,-70.636404,325882.98,8109337.9,L
268144243,7,-17.09384,-70.636397,325883.84,8109332.9,L
